{"M": [[0.5988099646812772, -0.0018200910780584087, -493.10271504979033], [0.006433045046731527, 0.6059928434021015, -110.74358387047248], [6.750786874645165e-06, 1.2926571409475652e-05, 1.0]], "maxWidth": 279, "maxHeight": 197}